tau,OS,MES,S-MES,MCIS,S-MCIS
10000,0.03121264845910138,0.04281307925843046,0.03088488201800817,0.04610352228974228,0.02784345499755112
15000,0.022243395607427975,0.02885232980537952,0.01894488308150953,0.02799883399341181,0.01963285138642666
20000,0.015036127914589626,0.022667087066468854,0.01575130231651297,0.023089366227986095,0.01425944640248815
25000,0.01259057804141898,0.018643300320130243,0.011843352946923852,0.0175868535382869,0.011481034322546563
30000,0.009863817877905174,0.014023302592758018,0.012129801779894102,0.0135251603303177,0.009717697534843632
40000,0.008057992279856147,0.011471704526018508,0.008066610223491377,0.01146317584812115,0.006646907742685343
50000,0.00611150070637494,0.008354688804173694,0.005970727001584777,0.009286175482803671,0.00517878619169236
