tau,OS,MES,S-MES,MCIS,S-MCIS
10000,2.1644319223744428e-05,3.058363236965729e-05,2.1541071523094775e-05,2.5914687609079785e-05,2.0279589462593222e-05
15000,1.3272351500828445e-05,1.808315079973757e-05,1.4669248642022867e-05,1.8803420386178904e-05,1.3626472105619924e-05
20000,1.1458334734678912e-05,1.4648315446095646e-05,1.0445872576432187e-05,1.3536976389188151e-05,9.833833143453584e-06
25000,8.82525179714352e-06,1.2217431432795519e-05,8.94281440878101e-06,1.1075978703441705e-05,7.82154267978426e-06
30000,7.575246542151767e-06,9.209191007633837e-06,7.10533211427948e-06,1.0203139695068888e-05,6.597381833089441e-06
40000,5.7545221951336955e-06,7.130115229055479e-06,5.546244590230997e-06,6.709278709915345e-06,4.697386311576261e-06
50000,3.880362723551126e-06,5.8552568647364925e-06,4.124868261660026e-06,6.044964715264831e-06,3.955983258845253e-06
