tau,OS,MES,S-MES,MCIS,S-MCIS
30000,3.0911029213671686e-05,3.252632736992563e-05,3.326365958988349e-05,3.242794286903926e-05,2.6286352322786494e-05
40000,2.3366255314992428e-05,2.5106166489525156e-05,2.448922309619967e-05,2.5887771477404585e-05,1.947770746932284e-05
50000,1.8988906487076115e-05,1.954264827693213e-05,1.828215235427691e-05,1.971322445933187e-05,1.5160878691610998e-05
60000,1.549704583435989e-05,1.6332281915621986e-05,1.5657871974104846e-05,1.736452159072588e-05,1.2869994391944212e-05
70000,1.4409962489652463e-05,1.4385439679651459e-05,1.367294589833039e-05,1.3423725546631594e-05,1.1268431189675361e-05
80000,1.194921007917504e-05,1.2582701892839161e-05,1.1752196868950326e-05,1.3161238072336684e-05,1.010253122696491e-05
100000,9.278664043433889e-06,9.65678137439219e-06,9.0853194038722e-06,9.908945010519726e-06,7.823247991901387e-06
